t_us,v
0.0,1.65069
50.0,2.11517
100.0,2.53234
150.0,2.86092
200.0,3.0784
250.0,3.15089
300.0,3.07551
350.0,2.86469
400.0,2.53241
450.0,2.11411
500.0,1.65006
550.0,1.18757
600.0,0.766849
650.0,0.436149
700.0,0.222451
750.0,0.151198
800.0,0.223495
850.0,0.43589
900.0,0.766758
950.0,1.18596
1000.0,1.65002
1050.0,2.11297
1100.0,2.53427
1150.0,2.86554
1200.0,3.07116
1250.0,3.14622
1300.0,3.07624
1350.0,2.86268
1400.0,2.53211
1450.0,2.11396
1500.0,1.65424
1550.0,1.18425
1600.0,0.767567
1650.0,0.44056
1700.0,0.224709
1750.0,0.151326
1800.0,0.222387
1850.0,0.433178
1900.0,0.768657
1950.0,1.18669
2000.0,1.64755
2050.0,2.11216
2100.0,2.53153
2150.0,2.86164
2200.0,3.07639
2250.0,3.15019
2300.0,3.07666
2350.0,2.86251
2400.0,2.53287
2450.0,2.11531
2500.0,1.65064
2550.0,1.18484
2600.0,0.769785
2650.0,0.435472
2700.0,0.225174
2750.0,0.147856
2800.0,0.225244
2850.0,0.436434
2900.0,0.765825
2950.0,1.18585
3000.0,1.65011
3050.0,2.11407
3100.0,2.52971
3150.0,2.86131
3200.0,3.07698
3250.0,3.14907
3300.0,3.07706
3350.0,2.86504
3400.0,2.52838
3450.0,2.11403
3500.0,1.65245
3550.0,1.18588
3600.0,0.7667
3650.0,0.437979
3700.0,0.223922
3750.0,0.151792
3800.0,0.222725
3850.0,0.433511
3900.0,0.768102
3950.0,1.18558
4000.0,1.65155
4050.0,2.11391
4100.0,2.52842
4150.0,2.86114
4200.0,3.07835
4250.0,3.15136
4300.0,3.0753
4350.0,2.86352
4400.0,2.53257
4450.0,2.11446
4500.0,1.65175
4550.0,1.18699
4600.0,0.768132
4650.0,0.435957
4700.0,0.225527
4750.0,0.145498
4800.0,0.223138
4850.0,0.436541
4900.0,0.765471
4950.0,1.18714
5000.0,1.6487
5050.0,2.11525
5100.0,2.53143
5150.0,2.86486
5200.0,3.07902
5250.0,3.15077
5300.0,3.07483
5350.0,2.8605
5400.0,2.53518
5450.0,2.1133
5500.0,1.64862
5550.0,1.18676
5600.0,0.767939
5650.0,0.438179
5700.0,0.223483
5750.0,0.150027
5800.0,0.221986
5850.0,0.437414
5900.0,0.766254
5950.0,1.18781
6000.0,1.65305
6050.0,2.11048
6100.0,2.52675
6150.0,2.86476
6200.0,3.08168
6250.0,3.148
6300.0,3.07408
6350.0,2.8647
6400.0,2.53
6450.0,2.11251
6500.0,1.6493
6550.0,1.18754
6600.0,0.767512
6650.0,0.43703
6700.0,0.223062
6750.0,0.148311
6800.0,0.222776
6850.0,0.434574
6900.0,0.768335
6950.0,1.18423
7000.0,1.64781
7050.0,2.11644
7100.0,2.53157
7150.0,2.86342
7200.0,3.07761
7250.0,3.14916
7300.0,3.07613
7350.0,2.86438
7400.0,2.53224
7450.0,2.11121
7500.0,1.65167
7550.0,1.18529
7600.0,0.76621
7650.0,0.434674
7700.0,0.222634
7750.0,0.153255
7800.0,0.221064
7850.0,0.436795
7900.0,0.764046
7950.0,1.18647
8000.0,1.6518
8050.0,2.11305
8100.0,2.53042
8150.0,2.86399
8200.0,3.07799
8250.0,3.15133
8300.0,3.08053
8350.0,2.86394
8400.0,2.53049
8450.0,2.11327
8500.0,1.64986
8550.0,1.18669
8600.0,0.768262
8650.0,0.436822
8700.0,0.220074
8750.0,0.151659
8800.0,0.222266
8850.0,0.434128
8900.0,0.769598
8950.0,1.18911
9000.0,1.65099
9050.0,2.11385
9100.0,2.52981
9150.0,2.86927
9200.0,3.07835
9250.0,3.14772
9300.0,3.07503
9350.0,2.8637
9400.0,2.52857
9450.0,2.11386
9500.0,1.64908
9550.0,1.18893
9600.0,0.770246
9650.0,0.431052
9700.0,0.223499
9750.0,0.146765
9800.0,0.225635
9850.0,0.436811
9900.0,0.769419
9950.0,1.18434
10000.0,1.65366
10050.0,2.11757
10100.0,2.52955
10150.0,2.86427
10200.0,3.07524
10250.0,3.14995
10300.0,3.07405
10350.0,2.86726
10400.0,2.52974
10450.0,2.11293
10500.0,1.651
10550.0,1.18518
10600.0,0.767843
10650.0,0.435347
10700.0,0.223148
10750.0,0.147659
10800.0,0.222539
10850.0,0.436061
10900.0,0.767655
10950.0,1.18659
11000.0,1.64941
11050.0,2.11503
11100.0,2.53103
11150.0,2.86325
11200.0,3.07526
11250.0,3.14895
11300.0,3.07406
11350.0,2.86456
11400.0,2.52939
11450.0,2.11203
11500.0,1.65072
11550.0,1.18728
11600.0,0.767522
11650.0,0.432436
11700.0,0.224256
11750.0,0.150519
11800.0,0.22059
11850.0,0.438015
11900.0,0.76692
11950.0,1.18422
12000.0,1.65019
12050.0,2.11317
12100.0,2.53208
12150.0,2.86031
12200.0,3.08021
12250.0,3.14879
12300.0,3.07351
12350.0,2.86476
12400.0,2.53097
12450.0,2.11418
12500.0,1.64932
12550.0,1.18636
12600.0,0.768814
12650.0,0.434981
12700.0,0.224773
12750.0,0.14906
12800.0,0.221676
12850.0,0.436629
12900.0,0.769212
12950.0,1.18602
13000.0,1.64827
13050.0,2.11477
13100.0,2.52816
13150.0,2.86146
13200.0,3.07666
13250.0,3.14728
13300.0,3.07664
13350.0,2.86342
13400.0,2.53348
13450.0,2.1117
13500.0,1.64875
13550.0,1.18714
13600.0,0.763407
13650.0,0.442675
13700.0,0.222018
13750.0,0.14854
13800.0,0.225137
13850.0,0.436395
13900.0,0.764763
13950.0,1.18773
14000.0,1.65171
14050.0,2.11263
14100.0,2.53111
14150.0,2.8645
14200.0,3.07477
14250.0,3.15088
14300.0,3.07698
14350.0,2.86218
14400.0,2.52889
14450.0,2.11307
14500.0,1.64825
14550.0,1.18848
14600.0,0.76861
14650.0,0.438039
14700.0,0.223684
14750.0,0.150526
14800.0,0.221849
14850.0,0.437811
14900.0,0.771892
14950.0,1.18586
15000.0,1.64881
15050.0,2.11321
15100.0,2.53072
15150.0,2.86212
15200.0,3.07686
15250.0,3.14942
15300.0,3.07946
15350.0,2.86353
15400.0,2.53233
15450.0,2.11543
15500.0,1.6494
15550.0,1.18935
15600.0,0.767057
15650.0,0.434858
15700.0,0.222683
15750.0,0.149771
15800.0,0.220613
15850.0,0.436404
15900.0,0.764987
15950.0,1.18926
16000.0,1.64984
16050.0,2.11224
16100.0,2.52986
16150.0,2.86276
16200.0,3.07614
16250.0,3.14791
16300.0,3.07475
16350.0,2.86315
16400.0,2.53064
16450.0,2.1154
16500.0,1.65228
16550.0,1.18651
16600.0,0.769269
16650.0,0.433804
16700.0,0.22469
16750.0,0.149939
16800.0,0.224385
16850.0,0.439675
16900.0,0.76376
16950.0,1.187
17000.0,1.6478
17050.0,2.11471
17100.0,2.52905
17150.0,2.86253
17200.0,3.07699
17250.0,3.15123
17300.0,3.07673
17350.0,2.86194
17400.0,2.53057
17450.0,2.11529
17500.0,1.64999
17550.0,1.18311
17600.0,0.770009
17650.0,0.437307
17700.0,0.225162
17750.0,0.149327
17800.0,0.225072
17850.0,0.434352
17900.0,0.769462
17950.0,1.18549
18000.0,1.65135
18050.0,2.11554
18100.0,2.53021
18150.0,2.86342
18200.0,3.07666
18250.0,3.15238
18300.0,3.07801
18350.0,2.86109
18400.0,2.53259
18450.0,2.11502
18500.0,1.65425
18550.0,1.18312
18600.0,0.767249
18650.0,0.439141
18700.0,0.220705
18750.0,0.147601
18800.0,0.224449
18850.0,0.438511
18900.0,0.766985
18950.0,1.18755
19000.0,1.65023
19050.0,2.11656
19100.0,2.53167
19150.0,2.86551
19200.0,3.07478
19250.0,3.14963
19300.0,3.07639
19350.0,2.8658
19400.0,2.53284
19450.0,2.11202
19500.0,1.65136
19550.0,1.18802
19600.0,0.768099
19650.0,0.435959
19700.0,0.223028
19750.0,0.14661
19800.0,0.223793
19850.0,0.436944
19900.0,0.766591
19950.0,1.18796
20000.0,1.64725
20050.0,2.11242
20100.0,2.53073
20150.0,2.8675
20200.0,3.07339
20250.0,3.15113
20300.0,3.07847
20350.0,2.86428
20400.0,2.53404
20450.0,2.11152
20500.0,1.64544
20550.0,1.18801
20600.0,0.76593
20650.0,0.435822
20700.0,0.221058
20750.0,0.152105
20800.0,0.225146
20850.0,0.435034
20900.0,0.770129
20950.0,1.18672
21000.0,1.64972
21050.0,2.11364
21100.0,2.53127
21150.0,2.86476
21200.0,3.07721
21250.0,3.1493
21300.0,3.0786
21350.0,2.8623
21400.0,2.53225
21450.0,2.11437
21500.0,1.65296
21550.0,1.18546
21600.0,0.771808
21650.0,0.436827
21700.0,0.223027
21750.0,0.148655
21800.0,0.224588
21850.0,0.436572
21900.0,0.766115
21950.0,1.18422
22000.0,1.64889
22050.0,2.11217
22100.0,2.53386
22150.0,2.86628
22200.0,3.07832
22250.0,3.15072
22300.0,3.07573
22350.0,2.86363
22400.0,2.53345
22450.0,2.11779
22500.0,1.65183
22550.0,1.18591
22600.0,0.768398
22650.0,0.435509
22700.0,0.22185
22750.0,0.149632
22800.0,0.223806
22850.0,0.440146
22900.0,0.768426
22950.0,1.18919
23000.0,1.65353
23050.0,2.11368
23100.0,2.53489
23150.0,2.86496
23200.0,3.07575
23250.0,3.15053
23300.0,3.07663
23350.0,2.86306
23400.0,2.53128
23450.0,2.11381
23500.0,1.65087
23550.0,1.1847
23600.0,0.768303
23650.0,0.43343
23700.0,0.223937
23750.0,0.151247
23800.0,0.223743
23850.0,0.437046
23900.0,0.769502
23950.0,1.18514
24000.0,1.64952
24050.0,2.11455
24100.0,2.53368
24150.0,2.86432
24200.0,3.08169
24250.0,3.14982
24300.0,3.07858
24350.0,2.86606
24400.0,2.53141
24450.0,2.11188
24500.0,1.64763
24550.0,1.1868
24600.0,0.770543
24650.0,0.437018
24700.0,0.223761
24750.0,0.149242
24800.0,0.224537
24850.0,0.432203
24900.0,0.768787
24950.0,1.18653
25000.0,1.64726
25050.0,2.11788
25100.0,2.5289
25150.0,2.86137
25200.0,3.07418
25250.0,3.15222
25300.0,3.07481
25350.0,2.86486
25400.0,2.53285
25450.0,2.11404
25500.0,1.64738
25550.0,1.18525
25600.0,0.771668
25650.0,0.433893
25700.0,0.221752
25750.0,0.149676
25800.0,0.225033
25850.0,0.436978
25900.0,0.769806
25950.0,1.18434
26000.0,1.65189
26050.0,2.11466
26100.0,2.52849
26150.0,2.86661
26200.0,3.08117
26250.0,3.14846
26300.0,3.0767
26350.0,2.86632
26400.0,2.52872
26450.0,2.10955
26500.0,1.64741
26550.0,1.18534
26600.0,0.767165
26650.0,0.437689
26700.0,0.223952
26750.0,0.147508
26800.0,0.22455
26850.0,0.440223
26900.0,0.770716
26950.0,1.18846
27000.0,1.65004
27050.0,2.11549
27100.0,2.52975
27150.0,2.86503
27200.0,3.07641
27250.0,3.15226
27300.0,3.07752
27350.0,2.86135
27400.0,2.53193
27450.0,2.11596
27500.0,1.64774
27550.0,1.18536
27600.0,0.766785
27650.0,0.433483
27700.0,0.225338
27750.0,0.152622
27800.0,0.225015
27850.0,0.43696
27900.0,0.768218
27950.0,1.18695
28000.0,1.64854
28050.0,2.11531
28100.0,2.53377
28150.0,2.86539
28200.0,3.07552
28250.0,3.15016
28300.0,3.07625
28350.0,2.8671
28400.0,2.53204
28450.0,2.10976
28500.0,1.6508
28550.0,1.19024
28600.0,0.769692
28650.0,0.438233
28700.0,0.223487
28750.0,0.146057
28800.0,0.219795
28850.0,0.433983
28900.0,0.768068
28950.0,1.18709
29000.0,1.65138
29050.0,2.11284
29100.0,2.53359
29150.0,2.86297
29200.0,3.07518
29250.0,3.1517
29300.0,3.07476
29350.0,2.85807
29400.0,2.52956
29450.0,2.11371
29500.0,1.64384
29550.0,1.18576
29600.0,0.767658
29650.0,0.433622
29700.0,0.22045
29750.0,0.149075
29800.0,0.222321
29850.0,0.438994
29900.0,0.769072
29950.0,1.18331
30000.0,1.64829
30050.0,2.11494
30100.0,2.53547
30150.0,2.8643
30200.0,3.07721
30250.0,3.15372
30300.0,3.07654
30350.0,2.86291
30400.0,2.52885
30450.0,2.1125
30500.0,1.65436
30550.0,1.18363
30600.0,0.768345
30650.0,0.433658
30700.0,0.223672
30750.0,0.151775
30800.0,0.222928
30850.0,0.437935
30900.0,0.769764
30950.0,1.18737
31000.0,1.65343
31050.0,2.11508
31100.0,2.53107
31150.0,2.86216
31200.0,3.07489
31250.0,3.15095
31300.0,3.07594
31350.0,2.86898
31400.0,2.53536
31450.0,2.1131
31500.0,1.64934
31550.0,1.18985
31600.0,0.764555
31650.0,0.435571
31700.0,0.225317
31750.0,0.148176
31800.0,0.222462
31850.0,0.435772
31900.0,0.769644
31950.0,1.18675
32000.0,1.6508
32050.0,2.11472
32100.0,2.53174
32150.0,2.86575
32200.0,3.07513
32250.0,3.14713
32300.0,3.07303
32350.0,2.86028
32400.0,2.53058
32450.0,2.11559
32500.0,1.65035
32550.0,1.18528
32600.0,0.766182
32650.0,0.435417
32700.0,0.222608
32750.0,0.14887
32800.0,0.22055
32850.0,0.435523
32900.0,0.770356
32950.0,1.18213
33000.0,1.64952
33050.0,2.10928
33100.0,2.53204
33150.0,2.86203
33200.0,3.07241
33250.0,3.1502
33300.0,3.08022
33350.0,2.86374
33400.0,2.534
33450.0,2.11338
33500.0,1.64568
33550.0,1.18746
33600.0,0.767486
33650.0,0.43355
33700.0,0.224985
33750.0,0.150574
33800.0,0.222364
33850.0,0.438211
33900.0,0.766578
33950.0,1.18776
34000.0,1.64812
34050.0,2.11459
34100.0,2.52948
34150.0,2.8665
34200.0,3.07709
34250.0,3.15287
34300.0,3.07494
34350.0,2.86257
34400.0,2.53336
34450.0,2.10804
34500.0,1.64787
34550.0,1.18854
34600.0,0.769252
34650.0,0.438432
34700.0,0.222796
34750.0,0.151128
34800.0,0.221954
34850.0,0.433731
34900.0,0.764933
34950.0,1.18537
35000.0,1.6489
35050.0,2.11227
35100.0,2.52458
35150.0,2.85953
35200.0,3.07552
35250.0,3.15057
35300.0,3.07543
35350.0,2.86177
35400.0,2.52706
35450.0,2.11757
35500.0,1.6478
35550.0,1.18984
35600.0,0.771443
35650.0,0.437022
35700.0,0.22227
35750.0,0.150264
35800.0,0.221109
35850.0,0.436996
35900.0,0.768328
35950.0,1.18754
36000.0,1.6519
36050.0,2.11699
36100.0,2.5309
36150.0,2.86561
36200.0,3.075
36250.0,3.14821
36300.0,3.07535
36350.0,2.86156
36400.0,2.53364
36450.0,2.11537
36500.0,1.65254
36550.0,1.18642
36600.0,0.768871
36650.0,0.435318
36700.0,0.221113
36750.0,0.150894
36800.0,0.223952
36850.0,0.43426
36900.0,0.769493
36950.0,1.18299
37000.0,1.64964
37050.0,2.11226
37100.0,2.53062
37150.0,2.86136
37200.0,3.07849
37250.0,3.15113
37300.0,3.07895
37350.0,2.86379
37400.0,2.52908
37450.0,2.11277
37500.0,1.64762
37550.0,1.18737
37600.0,0.77072
37650.0,0.437107
37700.0,0.22219
37750.0,0.149233
37800.0,0.223796
37850.0,0.433554
37900.0,0.768591
37950.0,1.18684
38000.0,1.64888
38050.0,2.11266
38100.0,2.53199
38150.0,2.86185
38200.0,3.0749
38250.0,3.15152
38300.0,3.07699
38350.0,2.86684
38400.0,2.52966
38450.0,2.10992
38500.0,1.65184
38550.0,1.18834
38600.0,0.766798
38650.0,0.433489
38700.0,0.223271
38750.0,0.146444
38800.0,0.222677
38850.0,0.432053
38900.0,0.767786
38950.0,1.18217
39000.0,1.64946
39050.0,2.11649
39100.0,2.53108
39150.0,2.865
39200.0,3.07523
39250.0,3.14814
39300.0,3.07351
39350.0,2.86553
39400.0,2.53148
39450.0,2.11669
39500.0,1.64756
39550.0,1.18594
39600.0,0.768394
39650.0,0.439211
39700.0,0.226969
39750.0,0.148611
39800.0,0.221055
39850.0,0.432907
39900.0,0.7709
39950.0,1.1862
40000.0,1.64861
40050.0,2.11332
40100.0,2.52646
40150.0,2.85997
40200.0,3.07835
40250.0,3.15069
40300.0,3.07678
40350.0,2.86142
40400.0,2.53275
40450.0,2.11698
40500.0,1.64745
40550.0,1.1864
40600.0,0.767346
40650.0,0.43709
40700.0,0.223336
40750.0,0.149599
40800.0,0.221544
40850.0,0.436335
40900.0,0.766986
40950.0,1.18607
41000.0,1.64976
41050.0,2.11473
41100.0,2.53041
41150.0,2.86277
41200.0,3.07862
41250.0,3.14946
41300.0,3.07595
41350.0,2.86515
41400.0,2.53211
41450.0,2.1136
41500.0,1.65033
41550.0,1.18389
41600.0,0.769139
41650.0,0.439022
41700.0,0.224475
41750.0,0.146788
41800.0,0.223886
41850.0,0.434569
41900.0,0.767775
41950.0,1.18664
42000.0,1.64753
42050.0,2.11611
42100.0,2.53145
42150.0,2.86503
42200.0,3.07777
42250.0,3.15261
42300.0,3.07889
42350.0,2.8605
42400.0,2.53169
42450.0,2.10918
42500.0,1.64903
42550.0,1.18783
42600.0,0.770079
42650.0,0.438982
42700.0,0.222592
42750.0,0.150572
42800.0,0.223543
42850.0,0.438942
42900.0,0.771433
42950.0,1.18569
43000.0,1.6575
43050.0,2.11345
43100.0,2.53088
43150.0,2.86466
43200.0,3.07804
43250.0,3.15103
43300.0,3.07523
43350.0,2.86641
43400.0,2.53173
43450.0,2.11655
43500.0,1.65273
43550.0,1.18388
43600.0,0.766313
43650.0,0.434426
43700.0,0.223869
43750.0,0.150064
43800.0,0.22391
43850.0,0.434809
43900.0,0.769136
43950.0,1.18924
44000.0,1.64729
44050.0,2.1131
44100.0,2.53214
44150.0,2.86323
44200.0,3.07616
44250.0,3.1535
44300.0,3.07912
44350.0,2.86519
44400.0,2.53012
44450.0,2.11798
44500.0,1.65069
44550.0,1.18529
44600.0,0.767617
44650.0,0.435466
44700.0,0.227628
44750.0,0.150382
44800.0,0.223514
44850.0,0.432141
44900.0,0.76977
44950.0,1.18433
45000.0,1.64771
45050.0,2.11472
45100.0,2.52993
45150.0,2.86517
45200.0,3.0788
45250.0,3.1464
45300.0,3.07629
45350.0,2.86035
45400.0,2.53153
45450.0,2.11532
45500.0,1.64725
45550.0,1.19005
45600.0,0.767673
45650.0,0.434079
45700.0,0.223137
45750.0,0.151554
45800.0,0.220629
45850.0,0.436446
45900.0,0.765542
45950.0,1.18885
46000.0,1.65028
46050.0,2.11264
46100.0,2.53371
46150.0,2.86091
46200.0,3.07576
46250.0,3.15366
46300.0,3.0763
46350.0,2.8662
46400.0,2.53203
46450.0,2.11209
46500.0,1.64947
46550.0,1.18659
46600.0,0.767462
46650.0,0.434785
46700.0,0.22181
46750.0,0.146991
46800.0,0.223593
46850.0,0.437219
46900.0,0.769777
46950.0,1.18282
47000.0,1.65157
47050.0,2.11345
47100.0,2.52878
47150.0,2.86368
47200.0,3.07817
47250.0,3.151
47300.0,3.07799
47350.0,2.86537
47400.0,2.53343
47450.0,2.11341
47500.0,1.64579
47550.0,1.18491
47600.0,0.768991
47650.0,0.435493
47700.0,0.224744
47750.0,0.151554
47800.0,0.22347
47850.0,0.440193
47900.0,0.766331
47950.0,1.1883
48000.0,1.64901
48050.0,2.11192
48100.0,2.53282
48150.0,2.86225
48200.0,3.07826
48250.0,3.14763
48300.0,3.07662
48350.0,2.8618
48400.0,2.53117
48450.0,2.11274
48500.0,1.6477
48550.0,1.18775
48600.0,0.765794
48650.0,0.434476
48700.0,0.225161
48750.0,0.151909
48800.0,0.224714
48850.0,0.437119
48900.0,0.772843
48950.0,1.18402
49000.0,1.64848
49050.0,2.1115
49100.0,2.53344
49150.0,2.86407
49200.0,3.07877
49250.0,3.15191
49300.0,3.0761
49350.0,2.86185
49400.0,2.52966
49450.0,2.11792
49500.0,1.6519
49550.0,1.18763
49600.0,0.767613
49650.0,0.436048
49700.0,0.222697
49750.0,0.149322
49800.0,0.218578
49850.0,0.436322
49900.0,0.767528
49950.0,1.18702
50000.0,1.65039
50050.0,2.1152
50100.0,2.53162
50150.0,2.86509
50200.0,3.07143
50250.0,3.14777
50300.0,3.08001
50350.0,2.86106
50400.0,2.53109
50450.0,2.11491
50500.0,1.64821
50550.0,1.18789
50600.0,0.765438
50650.0,0.432619
50700.0,0.220728
50750.0,0.146664
50800.0,0.223352
50850.0,0.435811
50900.0,0.768951
50950.0,1.18437
51000.0,1.65506
51050.0,2.11331
51100.0,2.53156
51150.0,2.86441
51200.0,3.07607
51250.0,3.14871
51300.0,3.07673
51350.0,2.86534
51400.0,2.53298
51450.0,2.11538
51500.0,1.64884
51550.0,1.1849
51600.0,0.772304
51650.0,0.435971
51700.0,0.224347
51750.0,0.151452
51800.0,0.226232
51850.0,0.433748
51900.0,0.767338
51950.0,1.18558
52000.0,1.64937
52050.0,2.10868
52100.0,2.53146
52150.0,2.85772
52200.0,3.07716
52250.0,3.15105
52300.0,3.07776
52350.0,2.8611
52400.0,2.53357
52450.0,2.11178
52500.0,1.64753
52550.0,1.18449
52600.0,0.766608
52650.0,0.436802
52700.0,0.225047
52750.0,0.14578
52800.0,0.222317
52850.0,0.438262
52900.0,0.768715
52950.0,1.18748
53000.0,1.64699
53050.0,2.11542
53100.0,2.52854
53150.0,2.86391
53200.0,3.07931
53250.0,3.15376
53300.0,3.07761
53350.0,2.86529
53400.0,2.53047
53450.0,2.11256
53500.0,1.65234
53550.0,1.18648
53600.0,0.768067
53650.0,0.433653
53700.0,0.223716
53750.0,0.151292
53800.0,0.221827
53850.0,0.43546
53900.0,0.771483
53950.0,1.18683
54000.0,1.64942
54050.0,2.11125
54100.0,2.53044
54150.0,2.86303
54200.0,3.07932
54250.0,3.14878
54300.0,3.08017
54350.0,2.86167
54400.0,2.53096
54450.0,2.11521
54500.0,1.64952
54550.0,1.18481
54600.0,0.768058
54650.0,0.437372
54700.0,0.219984
54750.0,0.149503
54800.0,0.223197
54850.0,0.435667
54900.0,0.769793
54950.0,1.18534
55000.0,1.64927
55050.0,2.1136
55100.0,2.53314
55150.0,2.86308
55200.0,3.07962
55250.0,3.14818
55300.0,3.07916
55350.0,2.86181
55400.0,2.53135
55450.0,2.11425
55500.0,1.65411
55550.0,1.18827
55600.0,0.76751
55650.0,0.439073
55700.0,0.222988
55750.0,0.148417
55800.0,0.224313
55850.0,0.436663
55900.0,0.770229
55950.0,1.18538
56000.0,1.65076
56050.0,2.11479
56100.0,2.53223
56150.0,2.86347
56200.0,3.07519
56250.0,3.15181
56300.0,3.07686
56350.0,2.86452
56400.0,2.53098
56450.0,2.11355
56500.0,1.64793
56550.0,1.18665
56600.0,0.769853
56650.0,0.43666
56700.0,0.225134
56750.0,0.150626
56800.0,0.226143
56850.0,0.436094
56900.0,0.765045
56950.0,1.18734
57000.0,1.64967
57050.0,2.11158
57100.0,2.53298
57150.0,2.86405
57200.0,3.07748
57250.0,3.14934
57300.0,3.07698
57350.0,2.86403
57400.0,2.53523
57450.0,2.11216
57500.0,1.64998
57550.0,1.1872
57600.0,0.764873
57650.0,0.433269
57700.0,0.227747
57750.0,0.146466
57800.0,0.224565
57850.0,0.434778
57900.0,0.766796
57950.0,1.18251
58000.0,1.6482
58050.0,2.11509
58100.0,2.5289
58150.0,2.86472
58200.0,3.07721
58250.0,3.15404
58300.0,3.07564
58350.0,2.86605
58400.0,2.53346
58450.0,2.11295
58500.0,1.64667
58550.0,1.18949
58600.0,0.765593
58650.0,0.435528
58700.0,0.225182
58750.0,0.152232
58800.0,0.221724
58850.0,0.436411
58900.0,0.767805
58950.0,1.18884
59000.0,1.65501
59050.0,2.10987
59100.0,2.53351
59150.0,2.85781
59200.0,3.07661
59250.0,3.14778
59300.0,3.08057
59350.0,2.86386
59400.0,2.5302
59450.0,2.11253
59500.0,1.64885
59550.0,1.18685
59600.0,0.768006
59650.0,0.437786
59700.0,0.226496
59750.0,0.151403
59800.0,0.220963
59850.0,0.433227
59900.0,0.766811
59950.0,1.18858
60000.0,1.64933
60050.0,2.11219
60100.0,2.53195
60150.0,2.86069
60200.0,3.07431
60250.0,3.15102
60300.0,3.07598
60350.0,2.86262
60400.0,2.53231
60450.0,2.11236
60500.0,1.64863
60550.0,1.18555
60600.0,0.769527
60650.0,0.436594
60700.0,0.221026
60750.0,0.149394
60800.0,0.224712
60850.0,0.440216
60900.0,0.766037
60950.0,1.18715
61000.0,1.64948
61050.0,2.11518
61100.0,2.53258
61150.0,2.86647
61200.0,3.07762
61250.0,3.14891
61300.0,3.07551
61350.0,2.86434
61400.0,2.53247
61450.0,2.11832
61500.0,1.65335
61550.0,1.18413
61600.0,0.769023
61650.0,0.433813
61700.0,0.220104
61750.0,0.151487
61800.0,0.224519
61850.0,0.434397
61900.0,0.771609
61950.0,1.18452
62000.0,1.64766
62050.0,2.11483
62100.0,2.53212
62150.0,2.8632
62200.0,3.07645
62250.0,3.15045
62300.0,3.07631
62350.0,2.86318
62400.0,2.52789
62450.0,2.11084
62500.0,1.65122
62550.0,1.18507
62600.0,0.769413
62650.0,0.438945
62700.0,0.222705
62750.0,0.150566
62800.0,0.227568
62850.0,0.437864
62900.0,0.772006
62950.0,1.18954
63000.0,1.65151
63050.0,2.1133
63100.0,2.52999
63150.0,2.8613
63200.0,3.07756
63250.0,3.15094
63300.0,3.07624
63350.0,2.86522
63400.0,2.53047
63450.0,2.11575
63500.0,1.65008
63550.0,1.1864
63600.0,0.768322
63650.0,0.436277
63700.0,0.228392
63750.0,0.146777
63800.0,0.22377
63850.0,0.438963
63900.0,0.769757
63950.0,1.18587
64000.0,1.65348
64050.0,2.11139
64100.0,2.52907
64150.0,2.86466
64200.0,3.07368
64250.0,3.14524
64300.0,3.07835
64350.0,2.86505
64400.0,2.53314
64450.0,2.11255
64500.0,1.65037
64550.0,1.18454
64600.0,0.771791
64650.0,0.438057
64700.0,0.2249
64750.0,0.1461
64800.0,0.22503
64850.0,0.439462
64900.0,0.770755
64950.0,1.18805
65000.0,1.65
65050.0,2.11284
65100.0,2.53288
65150.0,2.86429
65200.0,3.07706
65250.0,3.14938
65300.0,3.07995
65350.0,2.86119
65400.0,2.53163
65450.0,2.11237
65500.0,1.65206
65550.0,1.18934
65600.0,0.77081
65650.0,0.437985
65700.0,0.22061
65750.0,0.154162
65800.0,0.224449
65850.0,0.436258
65900.0,0.768365
65950.0,1.1858
66000.0,1.65085
66050.0,2.11415
66100.0,2.53096
66150.0,2.85839
66200.0,3.07651
66250.0,3.15095
66300.0,3.07764
66350.0,2.86322
66400.0,2.53258
66450.0,2.11558
66500.0,1.64906
66550.0,1.18941
66600.0,0.764412
66650.0,0.433952
66700.0,0.221605
66750.0,0.145111
66800.0,0.221416
66850.0,0.438971
66900.0,0.770805
66950.0,1.18667
67000.0,1.65344
67050.0,2.114
67100.0,2.53068
67150.0,2.86401
67200.0,3.07631
67250.0,3.15147
67300.0,3.07358
67350.0,2.86552
67400.0,2.53076
67450.0,2.11524
67500.0,1.64692
67550.0,1.18564
67600.0,0.768478
67650.0,0.438277
67700.0,0.22098
67750.0,0.153335
67800.0,0.224381
67850.0,0.435423
67900.0,0.770757
67950.0,1.18668
68000.0,1.65232
68050.0,2.11817
68100.0,2.53321
68150.0,2.86247
68200.0,3.07573
68250.0,3.15117
68300.0,3.07716
68350.0,2.86186
68400.0,2.53034
68450.0,2.11486
68500.0,1.65469
68550.0,1.18121
68600.0,0.76977
68650.0,0.436052
68700.0,0.224974
68750.0,0.151735
68800.0,0.223521
68850.0,0.434443
68900.0,0.765528
68950.0,1.18273
69000.0,1.65244
69050.0,2.11311
69100.0,2.5306
69150.0,2.86297
69200.0,3.07391
69250.0,3.15061
69300.0,3.07922
69350.0,2.8658
69400.0,2.52855
69450.0,2.11625
69500.0,1.64847
69550.0,1.18265
69600.0,0.765863
69650.0,0.434541
69700.0,0.223401
69750.0,0.147936
69800.0,0.220395
69850.0,0.435946
69900.0,0.77217
69950.0,1.18507
70000.0,1.65093
70050.0,2.11369
70100.0,2.53699
70150.0,2.85973
70200.0,3.07878
70250.0,3.14744
70300.0,3.0754
70350.0,2.86333
70400.0,2.53805
70450.0,2.112
70500.0,1.64622
70550.0,1.18907
70600.0,0.766644
70650.0,0.435989
70700.0,0.223367
70750.0,0.150194
70800.0,0.223075
70850.0,0.43701
70900.0,0.769097
70950.0,1.18818
71000.0,1.64915
71050.0,2.11203
71100.0,2.52955
71150.0,2.86471
71200.0,3.07649
71250.0,3.15111
71300.0,3.07766
71350.0,2.8669
71400.0,2.53209
71450.0,2.11503
71500.0,1.64759
71550.0,1.18431
71600.0,0.767699
71650.0,0.434041
71700.0,0.224794
71750.0,0.147334
71800.0,0.223552
71850.0,0.431558
71900.0,0.766113
71950.0,1.1858
72000.0,1.64948
72050.0,2.10994
72100.0,2.5319
72150.0,2.86548
72200.0,3.07788
72250.0,3.14868
72300.0,3.07541
72350.0,2.86115
72400.0,2.53294
72450.0,2.11641
72500.0,1.64895
72550.0,1.18308
72600.0,0.768722
72650.0,0.43789
72700.0,0.217971
72750.0,0.150277
72800.0,0.227744
72850.0,0.438116
72900.0,0.769423
72950.0,1.18728
73000.0,1.65212
73050.0,2.11164
73100.0,2.52999
73150.0,2.86434
73200.0,3.07521
73250.0,3.15052
73300.0,3.07276
73350.0,2.86504
73400.0,2.53337
73450.0,2.11361
73500.0,1.65033
73550.0,1.18972
73600.0,0.766156
73650.0,0.434648
73700.0,0.221228
73750.0,0.149151
73800.0,0.221393
73850.0,0.436549
73900.0,0.767021
73950.0,1.18358
74000.0,1.6469
74050.0,2.11595
74100.0,2.53154
74150.0,2.86307
74200.0,3.07664
74250.0,3.14984
74300.0,3.0781
74350.0,2.86465
74400.0,2.5305
74450.0,2.11188
74500.0,1.64783
74550.0,1.18397
74600.0,0.771126
74650.0,0.434641
74700.0,0.219377
74750.0,0.148313
74800.0,0.221839
74850.0,0.437134
74900.0,0.76655
74950.0,1.18754
75000.0,1.65078
75050.0,2.11606
75100.0,2.53601
75150.0,2.86922
75200.0,3.07929
75250.0,3.14768
75300.0,3.07578
75350.0,2.86402
75400.0,2.53581
75450.0,2.11488
75500.0,1.65241
75550.0,1.18613
75600.0,0.769503
75650.0,0.437911
75700.0,0.222503
75750.0,0.151555
75800.0,0.225557
75850.0,0.436158
75900.0,0.770358
75950.0,1.18977
76000.0,1.65013
76050.0,2.11353
76100.0,2.53106
76150.0,2.86229
76200.0,3.0769
76250.0,3.14918
76300.0,3.07596
76350.0,2.86198
76400.0,2.52861
76450.0,2.11165
76500.0,1.65066
76550.0,1.18411
76600.0,0.767026
76650.0,0.439759
76700.0,0.225668
76750.0,0.148613
76800.0,0.224622
76850.0,0.435174
76900.0,0.771577
76950.0,1.1853
77000.0,1.65016
77050.0,2.1163
77100.0,2.53002
77150.0,2.86613
77200.0,3.07495
77250.0,3.15048
77300.0,3.07599
77350.0,2.86335
77400.0,2.532
77450.0,2.11338
77500.0,1.64797
77550.0,1.18821
77600.0,0.769763
77650.0,0.439054
77700.0,0.226185
77750.0,0.147312
77800.0,0.225986
77850.0,0.43907
77900.0,0.767258
77950.0,1.18855
78000.0,1.65294
78050.0,2.11245
78100.0,2.52892
78150.0,2.86281
78200.0,3.08217
78250.0,3.15047
78300.0,3.07416
78350.0,2.86302
78400.0,2.52969
78450.0,2.11273
78500.0,1.65019
78550.0,1.18135
78600.0,0.769043
78650.0,0.439304
78700.0,0.22302
78750.0,0.149235
78800.0,0.225602
78850.0,0.433941
78900.0,0.76583
78950.0,1.18369
79000.0,1.64969
79050.0,2.11431
79100.0,2.5315
79150.0,2.86463
79200.0,3.07825
79250.0,3.15099
79300.0,3.07497
79350.0,2.86299
79400.0,2.53417
79450.0,2.11143
79500.0,1.64949
79550.0,1.18564
79600.0,0.767962
79650.0,0.434323
79700.0,0.220717
79750.0,0.155112
79800.0,0.225307
79850.0,0.435049
79900.0,0.768204
79950.0,1.18783
80000.0,1.64931
80050.0,2.11476
80100.0,2.53045
80150.0,2.86281
80200.0,3.07642
80250.0,3.14909
80300.0,3.07168
80350.0,2.86357
80400.0,2.5322
80450.0,2.11448
80500.0,1.64801
80550.0,1.18716
80600.0,0.768754
80650.0,0.432937
80700.0,0.219011
80750.0,0.150953
80800.0,0.221507
80850.0,0.438479
80900.0,0.772603
80950.0,1.18531
81000.0,1.64862
81050.0,2.1135
81100.0,2.53303
81150.0,2.86125
81200.0,3.07908
81250.0,3.15198
81300.0,3.07791
81350.0,2.86245
81400.0,2.53351
81450.0,2.11524
81500.0,1.6476
81550.0,1.19065
81600.0,0.767721
81650.0,0.437213
81700.0,0.222367
81750.0,0.15077
81800.0,0.225735
81850.0,0.43486
81900.0,0.765011
81950.0,1.18557
82000.0,1.64739
82050.0,2.11201
82100.0,2.53142
82150.0,2.8634
82200.0,3.07917
82250.0,3.14797
82300.0,3.07729
82350.0,2.86251
82400.0,2.53441
82450.0,2.11858
82500.0,1.65061
82550.0,1.18982
82600.0,0.767262
82650.0,0.433276
82700.0,0.220874
82750.0,0.146842
82800.0,0.221506
82850.0,0.435994
82900.0,0.770622
82950.0,1.18787
83000.0,1.65093
83050.0,2.11268
83100.0,2.53023
83150.0,2.86359
83200.0,3.07686
83250.0,3.15051
83300.0,3.07733
83350.0,2.86329
83400.0,2.52783
83450.0,2.1113
83500.0,1.64835
83550.0,1.18987
83600.0,0.767468
83650.0,0.437825
83700.0,0.226344
83750.0,0.150667
83800.0,0.22263
83850.0,0.435888
83900.0,0.766277
83950.0,1.18709
84000.0,1.65226
84050.0,2.11467
84100.0,2.53322
84150.0,2.86496
84200.0,3.08059
84250.0,3.14873
84300.0,3.0769
84350.0,2.86494
84400.0,2.53417
84450.0,2.10867
84500.0,1.64896
84550.0,1.18606
84600.0,0.766263
84650.0,0.438169
84700.0,0.223853
84750.0,0.149207
84800.0,0.220147
84850.0,0.433827
84900.0,0.766351
84950.0,1.18738
85000.0,1.64756
85050.0,2.10939
85100.0,2.52877
85150.0,2.86234
85200.0,3.07993
85250.0,3.155
85300.0,3.07562
85350.0,2.86541
85400.0,2.53448
85450.0,2.11609
85500.0,1.64977
85550.0,1.18387
85600.0,0.767346
85650.0,0.432751
85700.0,0.223892
85750.0,0.151555
85800.0,0.219629
85850.0,0.436371
85900.0,0.768907
85950.0,1.18897
86000.0,1.65276
86050.0,2.11513
86100.0,2.5303
86150.0,2.86279
86200.0,3.07899
86250.0,3.14879
86300.0,3.0765
86350.0,2.86665
86400.0,2.53193
86450.0,2.11078
86500.0,1.64941
86550.0,1.18775
86600.0,0.767941
86650.0,0.438797
86700.0,0.225979
86750.0,0.148698
86800.0,0.222408
86850.0,0.436266
86900.0,0.765919
86950.0,1.18723
87000.0,1.64964
87050.0,2.1151
87100.0,2.53048
87150.0,2.86177
87200.0,3.08026
87250.0,3.14824
87300.0,3.07541
87350.0,2.86206
87400.0,2.53107
87450.0,2.11169
87500.0,1.64991
87550.0,1.18506
87600.0,0.767488
87650.0,0.4372
87700.0,0.224818
87750.0,0.150934
87800.0,0.221943
87850.0,0.437269
87900.0,0.768081
87950.0,1.18626
88000.0,1.64656
88050.0,2.11487
88100.0,2.5314
88150.0,2.86694
88200.0,3.07786
88250.0,3.14777
88300.0,3.07384
88350.0,2.86583
88400.0,2.52993
88450.0,2.11489
88500.0,1.6494
88550.0,1.19068
88600.0,0.768483
88650.0,0.439506
88700.0,0.226084
88750.0,0.149078
88800.0,0.222763
88850.0,0.439454
88900.0,0.768336
88950.0,1.18475
89000.0,1.65243
89050.0,2.1187
89100.0,2.53163
89150.0,2.86636
89200.0,3.07631
89250.0,3.15276
89300.0,3.07616
89350.0,2.86625
89400.0,2.53283
89450.0,2.11323
89500.0,1.65055
89550.0,1.18547
89600.0,0.766157
89650.0,0.434453
89700.0,0.223398
89750.0,0.147985
89800.0,0.224402
89850.0,0.437649
89900.0,0.76938
89950.0,1.1856
90000.0,1.65024
90050.0,2.1136
90100.0,2.53445
90150.0,2.86204
90200.0,3.07595
90250.0,3.14967
90300.0,3.07643
90350.0,2.86216
90400.0,2.53056
90450.0,2.1157
90500.0,1.64886
90550.0,1.18845
90600.0,0.772534
90650.0,0.439173
90700.0,0.219939
90750.0,0.151689
90800.0,0.224514
90850.0,0.437706
90900.0,0.76521
90950.0,1.18813
91000.0,1.64796
91050.0,2.11625
91100.0,2.53396
91150.0,2.86876
91200.0,3.07595
91250.0,3.14708
91300.0,3.07881
91350.0,2.8654
91400.0,2.53104
91450.0,2.11638
91500.0,1.65151
91550.0,1.18402
91600.0,0.767744
91650.0,0.435707
91700.0,0.22332
91750.0,0.150508
91800.0,0.222147
91850.0,0.436203
91900.0,0.769625
91950.0,1.18645
92000.0,1.64958
92050.0,2.11304
92100.0,2.5316
92150.0,2.85982
92200.0,3.07703
92250.0,3.14806
92300.0,3.07692
92350.0,2.8607
92400.0,2.53364
92450.0,2.11412
92500.0,1.64742
92550.0,1.18707
92600.0,0.766924
92650.0,0.440199
92700.0,0.224519
92750.0,0.148528
92800.0,0.223988
92850.0,0.436533
92900.0,0.770843
92950.0,1.18731
93000.0,1.65116
93050.0,2.11142
93100.0,2.53339
93150.0,2.86785
93200.0,3.07799
93250.0,3.15005
93300.0,3.07705
93350.0,2.86175
93400.0,2.53218
93450.0,2.11146
93500.0,1.65022
93550.0,1.18583
93600.0,0.766796
93650.0,0.437772
93700.0,0.220573
93750.0,0.150056
93800.0,0.220902
93850.0,0.440273
93900.0,0.772411
93950.0,1.18831
94000.0,1.65393
94050.0,2.11485
94100.0,2.5329
94150.0,2.86281
94200.0,3.07493
94250.0,3.15039
94300.0,3.07565
94350.0,2.86279
94400.0,2.53327
94450.0,2.11341
94500.0,1.64701
94550.0,1.18617
94600.0,0.766928
94650.0,0.436017
94700.0,0.221351
94750.0,0.152531
94800.0,0.227351
94850.0,0.434381
94900.0,0.769749
94950.0,1.1878
95000.0,1.64798
95050.0,2.11386
95100.0,2.53463
95150.0,2.86535
95200.0,3.07995
95250.0,3.14778
95300.0,3.07521
95350.0,2.86423
95400.0,2.53251
95450.0,2.11369
95500.0,1.64934
95550.0,1.18577
95600.0,0.767219
95650.0,0.437487
95700.0,0.218005
95750.0,0.153307
95800.0,0.222465
95850.0,0.433717
95900.0,0.769513
95950.0,1.18376
96000.0,1.65087
96050.0,2.11282
96100.0,2.53295
96150.0,2.8652
96200.0,3.07926
96250.0,3.1491
96300.0,3.07609
96350.0,2.86359
96400.0,2.52893
96450.0,2.11479
96500.0,1.65034
96550.0,1.18387
96600.0,0.77082
96650.0,0.439283
96700.0,0.220857
96750.0,0.151219
96800.0,0.225991
96850.0,0.438227
96900.0,0.766432
96950.0,1.18375
97000.0,1.64984
97050.0,2.1126
97100.0,2.53173
97150.0,2.86339
97200.0,3.0777
97250.0,3.14894
97300.0,3.07632
97350.0,2.86952
97400.0,2.53148
97450.0,2.11506
97500.0,1.65064
97550.0,1.18697
97600.0,0.766554
97650.0,0.437583
97700.0,0.223365
97750.0,0.151687
97800.0,0.227569
97850.0,0.436894
97900.0,0.769895
97950.0,1.18448
98000.0,1.65028
98050.0,2.11668
98100.0,2.53161
98150.0,2.8623
98200.0,3.07704
98250.0,3.14968
98300.0,3.07615
98350.0,2.86283
98400.0,2.5357
98450.0,2.11183
98500.0,1.64922
98550.0,1.18538
98600.0,0.770846
98650.0,0.435961
98700.0,0.226067
98750.0,0.150376
98800.0,0.223412
98850.0,0.433596
98900.0,0.770788
98950.0,1.1876
99000.0,1.65085
99050.0,2.11333
99100.0,2.53089
99150.0,2.86103
99200.0,3.07852
99250.0,3.15058
99300.0,3.07591
99350.0,2.86231
99400.0,2.53195
99450.0,2.11339
99500.0,1.65333
99550.0,1.18806
99600.0,0.767173
99650.0,0.434306
99700.0,0.222986
99750.0,0.14822
99800.0,0.223611
99850.0,0.437327
99900.0,0.769639
99950.0,1.18735
100000.0,1.64967
100050.0,2.11477
100100.0,2.52995
100150.0,2.86342
100200.0,3.07826
100250.0,3.15063
100300.0,3.0741
100350.0,2.86127
100400.0,2.5285
100450.0,2.11719
100500.0,1.64696
100550.0,1.18626
100600.0,0.772057
100650.0,0.438691
100700.0,0.226113
100750.0,0.149066
100800.0,0.224958
100850.0,0.442631
100900.0,0.768315
100950.0,1.18737
101000.0,1.64944
101050.0,2.11357
101100.0,2.53249
101150.0,2.86637
101200.0,3.07485
101250.0,3.14721
101300.0,3.07671
101350.0,2.86401
101400.0,2.53457
101450.0,2.11503
101500.0,1.64882
101550.0,1.18768
101600.0,0.770627
101650.0,0.43712
101700.0,0.222809
101750.0,0.151426
101800.0,0.222778
101850.0,0.432812
101900.0,0.771056
101950.0,1.18397
102000.0,1.6494
102050.0,2.11296
102100.0,2.53107
102150.0,2.86302
102200.0,3.07377
102250.0,3.15111
102300.0,3.0767
102350.0,2.86366
102400.0,2.53388
102450.0,2.11578
102500.0,1.65274
102550.0,1.19023
102600.0,0.769285
102650.0,0.433454
102700.0,0.223897
102750.0,0.150082
102800.0,0.223609
102850.0,0.43533
102900.0,0.7666
102950.0,1.18812
103000.0,1.652
103050.0,2.11135
103100.0,2.53281
103150.0,2.86324
103200.0,3.07586
103250.0,3.15142
103300.0,3.07654
103350.0,2.86247
103400.0,2.53184
103450.0,2.10958
103500.0,1.64887
103550.0,1.18564
103600.0,0.765573
103650.0,0.436874
103700.0,0.223996
103750.0,0.148835
103800.0,0.223112
103850.0,0.437855
103900.0,0.770474
103950.0,1.18499
104000.0,1.65071
104050.0,2.11563
104100.0,2.53164
104150.0,2.86201
104200.0,3.07507
104250.0,3.14937
104300.0,3.07454
104350.0,2.86757
104400.0,2.53055
104450.0,2.11429
104500.0,1.65038
104550.0,1.18776
104600.0,0.767558
104650.0,0.433882
104700.0,0.226695
104750.0,0.149845
104800.0,0.223649
104850.0,0.436875
104900.0,0.770845
104950.0,1.18801
105000.0,1.65235
105050.0,2.11517
105100.0,2.53199
105150.0,2.86404
105200.0,3.0751
105250.0,3.14613
105300.0,3.07611
105350.0,2.86138
105400.0,2.53686
105450.0,2.11665
105500.0,1.65234
105550.0,1.18538
105600.0,0.772443
105650.0,0.433069
105700.0,0.221001
105750.0,0.148441
105800.0,0.221502
105850.0,0.436743
105900.0,0.768713
105950.0,1.1903
106000.0,1.652
106050.0,2.11597
106100.0,2.53252
106150.0,2.86323
106200.0,3.07522
106250.0,3.14698
106300.0,3.07485
106350.0,2.86277
106400.0,2.53321
106450.0,2.11016
106500.0,1.64727
106550.0,1.18692
106600.0,0.766227
106650.0,0.437148
106700.0,0.222595
106750.0,0.148499
106800.0,0.220752
106850.0,0.43629
106900.0,0.766868
106950.0,1.18525
107000.0,1.64873
107050.0,2.1139
107100.0,2.53198
107150.0,2.8601
107200.0,3.07626
107250.0,3.1508
107300.0,3.07866
107350.0,2.86509
107400.0,2.5321
107450.0,2.11124
107500.0,1.64846
107550.0,1.1883
107600.0,0.766918
107650.0,0.438527
107700.0,0.225963
107750.0,0.147876
107800.0,0.224296
107850.0,0.43625
107900.0,0.772378
107950.0,1.18815
108000.0,1.64898
108050.0,2.11434
108100.0,2.52984
108150.0,2.86322
108200.0,3.07699
108250.0,3.1503
108300.0,3.0772
108350.0,2.86171
108400.0,2.52797
108450.0,2.1128
108500.0,1.64822
108550.0,1.18507
108600.0,0.772597
108650.0,0.4388
108700.0,0.223066
108750.0,0.147133
108800.0,0.220819
108850.0,0.437197
108900.0,0.770461
108950.0,1.1859
109000.0,1.65027
109050.0,2.11404
109100.0,2.53381
109150.0,2.85976
109200.0,3.0769
109250.0,3.15081
109300.0,3.07848
109350.0,2.86432
109400.0,2.52948
109450.0,2.11236
109500.0,1.64695
109550.0,1.18686
109600.0,0.768707
109650.0,0.437498
109700.0,0.221475
109750.0,0.14772
109800.0,0.226466
109850.0,0.436839
109900.0,0.771814
109950.0,1.18735
110000.0,1.64708
110050.0,2.11514
110100.0,2.53415
110150.0,2.86262
110200.0,3.07274
110250.0,3.15133
110300.0,3.0763
110350.0,2.86408
110400.0,2.5263
110450.0,2.11444
110500.0,1.6445
110550.0,1.18474
110600.0,0.770094
110650.0,0.432826
110700.0,0.219688
110750.0,0.1491
110800.0,0.226709
110850.0,0.439706
110900.0,0.767106
110950.0,1.18847
111000.0,1.65116
111050.0,2.11405
111100.0,2.53239
111150.0,2.86207
111200.0,3.07818
111250.0,3.15212
111300.0,3.08198
111350.0,2.86536
111400.0,2.52677
111450.0,2.11111
111500.0,1.65066
111550.0,1.1866
111600.0,0.764593
111650.0,0.436187
111700.0,0.22269
111750.0,0.149891
111800.0,0.223161
111850.0,0.438306
111900.0,0.771241
111950.0,1.18783
112000.0,1.64777
112050.0,2.11179
112100.0,2.53034
112150.0,2.8634
112200.0,3.07572
112250.0,3.14929
112300.0,3.07473
112350.0,2.86542
112400.0,2.53337
112450.0,2.11543
112500.0,1.64983
112550.0,1.18738
112600.0,0.766492
112650.0,0.434443
112700.0,0.22232
112750.0,0.151162
112800.0,0.22311
112850.0,0.434184
112900.0,0.768502
112950.0,1.18731
113000.0,1.65032
113050.0,2.11219
113100.0,2.5318
113150.0,2.86268
113200.0,3.07593
113250.0,3.14982
113300.0,3.07809
113350.0,2.86717
113400.0,2.53479
113450.0,2.11478
113500.0,1.6492
113550.0,1.18585
113600.0,0.767788
113650.0,0.438777
113700.0,0.217885
113750.0,0.150516
113800.0,0.21943
113850.0,0.436467
113900.0,0.770971
113950.0,1.18465
114000.0,1.64543
114050.0,2.11612
114100.0,2.53469
114150.0,2.86452
114200.0,3.0791
114250.0,3.1484
114300.0,3.07893
114350.0,2.86693
114400.0,2.53296
114450.0,2.11409
114500.0,1.65257
114550.0,1.18874
114600.0,0.766824
114650.0,0.439195
114700.0,0.224904
114750.0,0.150317
114800.0,0.226023
114850.0,0.438325
114900.0,0.769814
114950.0,1.18546
115000.0,1.65167
115050.0,2.11131
115100.0,2.53142
115150.0,2.86014
115200.0,3.07318
115250.0,3.15089
115300.0,3.07642
115350.0,2.8637
115400.0,2.53286
115450.0,2.11423
115500.0,1.64823
115550.0,1.18662
115600.0,0.768188
115650.0,0.435435
115700.0,0.223166
115750.0,0.149269
115800.0,0.222117
115850.0,0.435806
115900.0,0.768792
115950.0,1.1906
116000.0,1.64837
116050.0,2.11457
116100.0,2.52876
116150.0,2.86671
116200.0,3.07592
116250.0,3.15028
116300.0,3.07914
116350.0,2.8655
116400.0,2.52869
116450.0,2.11464
116500.0,1.64955
116550.0,1.18771
116600.0,0.768627
116650.0,0.437947
116700.0,0.223999
116750.0,0.14972
116800.0,0.225769
116850.0,0.433386
116900.0,0.767456
116950.0,1.18456
117000.0,1.64971
117050.0,2.11267
117100.0,2.53138
117150.0,2.86254
117200.0,3.07565
117250.0,3.14671
117300.0,3.07651
117350.0,2.86414
117400.0,2.53049
117450.0,2.11221
117500.0,1.64871
117550.0,1.18983
117600.0,0.768698
117650.0,0.43725
117700.0,0.222814
117750.0,0.149
117800.0,0.221658
117850.0,0.439559
117900.0,0.764921
117950.0,1.18707
118000.0,1.64995
118050.0,2.11301
118100.0,2.52855
118150.0,2.86106
118200.0,3.07855
118250.0,3.14861
118300.0,3.07834
118350.0,2.86486
118400.0,2.53284
118450.0,2.11505
118500.0,1.64758
118550.0,1.18553
118600.0,0.769679
118650.0,0.43395
118700.0,0.226744
118750.0,0.148881
118800.0,0.223287
118850.0,0.434424
118900.0,0.769054
118950.0,1.18501
119000.0,1.64951
119050.0,2.11125
119100.0,2.53406
119150.0,2.86026
119200.0,3.07749
119250.0,3.15047
119300.0,3.07746
119350.0,2.86148
119400.0,2.53375
119450.0,2.11545
119500.0,1.65032
119550.0,1.1871
119600.0,0.768007
119650.0,0.437761
119700.0,0.221773
119750.0,0.15111
119800.0,0.224228
119850.0,0.433654
119900.0,0.763074
119950.0,1.18624
120000.0,1.64968
120050.0,2.11596
120100.0,2.53179
120150.0,2.86253
120200.0,3.07387
120250.0,3.14982
120300.0,3.07542
120350.0,2.86132
120400.0,2.53144
120450.0,2.11564
120500.0,1.65019
120550.0,1.18438
120600.0,0.768977
120650.0,0.434278
120700.0,0.22026
120750.0,0.150989
120800.0,0.222315
120850.0,0.438702
120900.0,0.768944
120950.0,1.18486
121000.0,1.65044
121050.0,2.11612
121100.0,2.5313
121150.0,2.8614
121200.0,3.07526
121250.0,3.14837
121300.0,3.07422
121350.0,2.86094
121400.0,2.53252
121450.0,2.11574
121500.0,1.64928
121550.0,1.18805
121600.0,0.770139
121650.0,0.439842
121700.0,0.223043
121750.0,0.149301
121800.0,0.224258
121850.0,0.43667
121900.0,0.768926
121950.0,1.18907
122000.0,1.64914
122050.0,2.11396
122100.0,2.52972
122150.0,2.86321
122200.0,3.07524
122250.0,3.14848
122300.0,3.07615
122350.0,2.86263
122400.0,2.53242
122450.0,2.11513
122500.0,1.64702
122550.0,1.18848
122600.0,0.763869
122650.0,0.436969
122700.0,0.224836
122750.0,0.148699
122800.0,0.222957
122850.0,0.434911
122900.0,0.770112
122950.0,1.18013
123000.0,1.64806
123050.0,2.10965
123100.0,2.53205
123150.0,2.86612
123200.0,3.07897
123250.0,3.15134
123300.0,3.07708
123350.0,2.86199
123400.0,2.53411
123450.0,2.11477
123500.0,1.64831
123550.0,1.18392
123600.0,0.767065
123650.0,0.438638
123700.0,0.225917
123750.0,0.153232
123800.0,0.221864
123850.0,0.435755
123900.0,0.771088
123950.0,1.18691
124000.0,1.65153
124050.0,2.11088
124100.0,2.53094
124150.0,2.86349
124200.0,3.07588
124250.0,3.14917
124300.0,3.07332
124350.0,2.86679
124400.0,2.53198
124450.0,2.11062
124500.0,1.65216
124550.0,1.18662
124600.0,0.76977
124650.0,0.436106
124700.0,0.221869
124750.0,0.148505
124800.0,0.224127
124850.0,0.438051
124900.0,0.76933
124950.0,1.1878
125000.0,1.65244
125050.0,2.11414
125100.0,2.53373
125150.0,2.86578
125200.0,3.07722
125250.0,3.1499
125300.0,3.07577
125350.0,2.86118
125400.0,2.52863
125450.0,2.11622
125500.0,1.65004
125550.0,1.18545
125600.0,0.771551
125650.0,0.438493
125700.0,0.223613
125750.0,0.152093
125800.0,0.22312
125850.0,0.437282
125900.0,0.772056
125950.0,1.18869
126000.0,1.64955
126050.0,2.11501
126100.0,2.53415
126150.0,2.8634
126200.0,3.07586
126250.0,3.15387
126300.0,3.07612
126350.0,2.86102
126400.0,2.5321
126450.0,2.11825
126500.0,1.65142
126550.0,1.18856
126600.0,0.764171
126650.0,0.435567
126700.0,0.226039
126750.0,0.149415
126800.0,0.226279
126850.0,0.437666
126900.0,0.76936
126950.0,1.19009
127000.0,1.64925
127050.0,2.11285
127100.0,2.53215
127150.0,2.86423
127200.0,3.07346
127250.0,3.15273
127300.0,3.07731
127350.0,2.86346
127400.0,2.53319
127450.0,2.113
127500.0,1.65269
127550.0,1.18688
127600.0,0.770038
127650.0,0.434975
127700.0,0.223132
127750.0,0.151015
127800.0,0.221794
127850.0,0.435422
127900.0,0.768483
127950.0,1.18896
128000.0,1.65178
128050.0,2.11559
128100.0,2.53254
128150.0,2.86559
128200.0,3.07992
128250.0,3.15059
128300.0,3.07771
128350.0,2.86495
128400.0,2.52793
128450.0,2.11358
128500.0,1.65108
128550.0,1.18823
128600.0,0.767924
128650.0,0.438667
128700.0,0.222375
128750.0,0.149886
128800.0,0.227017
128850.0,0.434007
128900.0,0.768393
128950.0,1.1864
129000.0,1.65004
129050.0,2.11267
129100.0,2.53319
129150.0,2.86159
129200.0,3.07415
129250.0,3.15116
129300.0,3.0744
129350.0,2.86447
129400.0,2.53191
129450.0,2.11234
129500.0,1.64949
129550.0,1.18645
129600.0,0.76939
129650.0,0.435377
129700.0,0.223157
129750.0,0.147294
129800.0,0.223019
129850.0,0.432788
129900.0,0.768372
129950.0,1.1857
130000.0,1.65431
130050.0,2.11622
130100.0,2.5315
130150.0,2.86554
130200.0,3.07726
130250.0,3.14781
130300.0,3.07184
130350.0,2.86584
130400.0,2.53255
130450.0,2.10971
130500.0,1.65136
130550.0,1.18838
130600.0,0.767037
130650.0,0.438132
130700.0,0.220053
130750.0,0.149636
130800.0,0.223557
130850.0,0.438108
130900.0,0.769186
130950.0,1.18699
131000.0,1.65118
131050.0,2.11228
131100.0,2.5347
131150.0,2.86291
131200.0,3.07823
131250.0,3.15005
131300.0,3.07615
131350.0,2.86475
131400.0,2.53263
131450.0,2.11627
131500.0,1.6522
131550.0,1.18539
131600.0,0.769378
131650.0,0.436733
131700.0,0.221879
131750.0,0.147854
131800.0,0.223978
131850.0,0.435458
131900.0,0.765602
131950.0,1.18634
132000.0,1.65049
132050.0,2.11377
132100.0,2.52932
132150.0,2.86241
132200.0,3.07937
132250.0,3.14851
132300.0,3.07598
132350.0,2.86818
132400.0,2.53242
132450.0,2.11256
132500.0,1.64615
132550.0,1.18713
132600.0,0.76558
132650.0,0.436458
132700.0,0.221714
132750.0,0.146684
132800.0,0.226748
132850.0,0.436288
132900.0,0.770184
132950.0,1.18797
133000.0,1.64856
133050.0,2.11372
133100.0,2.53098
133150.0,2.86547
133200.0,3.07746
133250.0,3.1493
133300.0,3.07991
133350.0,2.86457
133400.0,2.53261
133450.0,2.11197
133500.0,1.65082
133550.0,1.18355
133600.0,0.769255
133650.0,0.434612
133700.0,0.22379
133750.0,0.149453
133800.0,0.223879
133850.0,0.437196
133900.0,0.768212
133950.0,1.18637
134000.0,1.64703
134050.0,2.10973
134100.0,2.5342
134150.0,2.86467
134200.0,3.07363
134250.0,3.15382
134300.0,3.07516
134350.0,2.86455
134400.0,2.53253
134450.0,2.11374
134500.0,1.65122
134550.0,1.18373
134600.0,0.76825
134650.0,0.435966
134700.0,0.22359
134750.0,0.149452
134800.0,0.222131
134850.0,0.435012
134900.0,0.770091
134950.0,1.18478
135000.0,1.65072
135050.0,2.11423
135100.0,2.53148
135150.0,2.86437
135200.0,3.07767
135250.0,3.14894
135300.0,3.07726
135350.0,2.86734
135400.0,2.52954
135450.0,2.11292
135500.0,1.64847
135550.0,1.19044
135600.0,0.765517
135650.0,0.436489
135700.0,0.225274
135750.0,0.148264
135800.0,0.223143
135850.0,0.435051
135900.0,0.765641
135950.0,1.18633
136000.0,1.65099
136050.0,2.11273
136100.0,2.532
136150.0,2.86489
136200.0,3.07897
136250.0,3.14753
136300.0,3.07781
136350.0,2.86228
136400.0,2.52791
136450.0,2.11197
136500.0,1.65128
136550.0,1.18709
136600.0,0.766129
136650.0,0.439683
136700.0,0.224219
136750.0,0.149862
136800.0,0.222331
136850.0,0.437307
136900.0,0.767547
136950.0,1.18874
137000.0,1.65063
137050.0,2.11475
137100.0,2.53107
137150.0,2.86058
137200.0,3.07764
137250.0,3.14799
137300.0,3.07637
137350.0,2.8635
137400.0,2.53012
137450.0,2.1153
137500.0,1.64715
137550.0,1.18945
137600.0,0.767144
137650.0,0.438395
137700.0,0.225992
137750.0,0.148281
137800.0,0.221949
137850.0,0.438347
137900.0,0.768694
137950.0,1.18664
138000.0,1.64636
138050.0,2.11025
138100.0,2.53275
138150.0,2.86638
138200.0,3.07517
138250.0,3.14828
138300.0,3.077
138350.0,2.86445
138400.0,2.5328
138450.0,2.11265
138500.0,1.64613
138550.0,1.18938
138600.0,0.767335
138650.0,0.438973
138700.0,0.219458
138750.0,0.150738
138800.0,0.222421
138850.0,0.434317
138900.0,0.770252
138950.0,1.18904
139000.0,1.64884
139050.0,2.11481
139100.0,2.52954
139150.0,2.8623
139200.0,3.0761
139250.0,3.14931
139300.0,3.07785
139350.0,2.86113
139400.0,2.5336
139450.0,2.11545
139500.0,1.64957
139550.0,1.18412
139600.0,0.763601
139650.0,0.436349
139700.0,0.221994
139750.0,0.150203
139800.0,0.221321
139850.0,0.43648
139900.0,0.7682
139950.0,1.1865
140000.0,1.65057
140050.0,2.1141
140100.0,2.5336
140150.0,2.86197
140200.0,3.07801
140250.0,3.15032
140300.0,3.07576
140350.0,2.86155
140400.0,2.53457
140450.0,2.114
140500.0,1.64898
140550.0,1.18662
140600.0,0.768336
140650.0,0.435444
140700.0,0.22069
140750.0,0.150308
140800.0,0.223098
140850.0,0.435922
140900.0,0.770276
140950.0,1.18388
141000.0,1.64812
141050.0,2.11385
141100.0,2.53333
141150.0,2.86474
141200.0,3.07803
141250.0,3.14566
141300.0,3.07757
141350.0,2.86436
141400.0,2.53304
141450.0,2.11217
141500.0,1.65102
141550.0,1.18847
141600.0,0.771506
141650.0,0.436987
141700.0,0.220799
141750.0,0.150121
141800.0,0.224703
141850.0,0.437503
141900.0,0.772121
141950.0,1.18609
142000.0,1.648
142050.0,2.11228
142100.0,2.53299
142150.0,2.86196
142200.0,3.07454
142250.0,3.14836
142300.0,3.07899
142350.0,2.86401
142400.0,2.53103
142450.0,2.11522
142500.0,1.65138
142550.0,1.18457
142600.0,0.769985
142650.0,0.436977
142700.0,0.219362
142750.0,0.147677
142800.0,0.223953
142850.0,0.437458
142900.0,0.767778
142950.0,1.18453
143000.0,1.65052
143050.0,2.10994
143100.0,2.5328
143150.0,2.86325
143200.0,3.07656
143250.0,3.14874
143300.0,3.07825
143350.0,2.85895
143400.0,2.53
143450.0,2.1147
143500.0,1.64864
143550.0,1.1894
143600.0,0.7692
143650.0,0.435005
143700.0,0.225649
143750.0,0.149866
143800.0,0.224617
143850.0,0.435312
143900.0,0.767194
143950.0,1.18794
144000.0,1.65026
144050.0,2.1121
144100.0,2.53001
144150.0,2.86488
144200.0,3.08014
144250.0,3.14842
144300.0,3.07801
144350.0,2.85786
144400.0,2.52902
144450.0,2.11495
144500.0,1.65323
144550.0,1.18669
144600.0,0.769491
144650.0,0.43708
144700.0,0.225501
144750.0,0.147954
144800.0,0.224767
144850.0,0.435714
144900.0,0.76775
144950.0,1.18656
145000.0,1.64969
145050.0,2.11211
145100.0,2.53127
145150.0,2.86176
145200.0,3.07961
145250.0,3.15148
145300.0,3.07587
145350.0,2.86677
145400.0,2.53432
145450.0,2.11459
145500.0,1.64905
145550.0,1.18709
145600.0,0.769556
145650.0,0.439324
145700.0,0.223163
145750.0,0.148985
145800.0,0.22805
145850.0,0.439321
145900.0,0.769045
145950.0,1.18476
146000.0,1.65107
146050.0,2.11584
146100.0,2.53328
146150.0,2.86526
146200.0,3.07678
146250.0,3.15235
146300.0,3.0755
146350.0,2.86276
146400.0,2.53079
146450.0,2.11235
146500.0,1.65396
146550.0,1.18323
146600.0,0.76889
146650.0,0.434624
146700.0,0.221053
146750.0,0.150295
146800.0,0.220411
146850.0,0.436388
146900.0,0.772954
146950.0,1.18634
147000.0,1.65099
147050.0,2.11193
147100.0,2.53272
147150.0,2.86066
147200.0,3.07704
147250.0,3.14983
147300.0,3.08096
147350.0,2.86342
147400.0,2.53102
147450.0,2.11247
147500.0,1.64767
147550.0,1.18805
147600.0,0.771245
147650.0,0.43578
147700.0,0.224867
147750.0,0.149336
147800.0,0.224252
147850.0,0.437423
147900.0,0.765512
147950.0,1.18497
148000.0,1.65189
148050.0,2.10977
148100.0,2.53172
148150.0,2.86287
148200.0,3.07476
148250.0,3.15013
148300.0,3.07722
148350.0,2.86462
148400.0,2.52646
148450.0,2.11689
148500.0,1.64907
148550.0,1.18857
148600.0,0.7681
148650.0,0.435336
148700.0,0.223306
148750.0,0.156342
148800.0,0.226556
148850.0,0.435799
148900.0,0.768791
148950.0,1.18873
149000.0,1.65117
149050.0,2.11371
149100.0,2.53132
149150.0,2.86139
149200.0,3.0781
149250.0,3.15221
149300.0,3.08105
149350.0,2.86245
149400.0,2.53299
149450.0,2.11347
149500.0,1.65252
149550.0,1.18629
149600.0,0.767036
149650.0,0.433105
149700.0,0.224852
149750.0,0.150329
149800.0,0.22567
149850.0,0.435382
149900.0,0.773515
149950.0,1.18507
150000.0,1.65103
150050.0,2.11436
150100.0,2.53389
150150.0,2.8632
150200.0,3.07476
150250.0,3.14803
150300.0,3.07822
150350.0,2.86374
150400.0,2.53237
150450.0,2.1119
150500.0,1.65028
150550.0,1.18691
150600.0,0.769555
150650.0,0.433551
150700.0,0.221881
150750.0,0.153458
150800.0,0.222629
150850.0,0.436307
150900.0,0.767525
150950.0,1.18348
151000.0,1.64785
151050.0,2.11427
151100.0,2.53033
151150.0,2.86758
151200.0,3.07359
151250.0,3.14612
151300.0,3.0758
151350.0,2.86111
151400.0,2.53444
151450.0,2.11267
151500.0,1.65103
151550.0,1.18364
151600.0,0.769644
151650.0,0.437742
151700.0,0.225882
151750.0,0.150426
151800.0,0.224434
151850.0,0.436793
151900.0,0.770155
151950.0,1.18563
152000.0,1.65107
152050.0,2.11237
152100.0,2.53307
152150.0,2.86295
152200.0,3.07527
152250.0,3.14862
152300.0,3.07951
152350.0,2.86039
152400.0,2.52869
152450.0,2.11478
152500.0,1.64799
152550.0,1.18552
152600.0,0.767314
152650.0,0.441013
152700.0,0.222049
152750.0,0.148535
152800.0,0.222617
152850.0,0.436918
152900.0,0.769305
152950.0,1.18351
153000.0,1.65088
153050.0,2.11742
153100.0,2.52809
153150.0,2.86466
153200.0,3.07811
153250.0,3.1503
153300.0,3.07618
153350.0,2.8588
153400.0,2.53407
153450.0,2.11287
153500.0,1.64958
153550.0,1.18892
153600.0,0.76363
153650.0,0.436327
153700.0,0.224596
153750.0,0.151429
153800.0,0.224623
153850.0,0.440543
153900.0,0.76888
153950.0,1.1885
154000.0,1.65154
154050.0,2.11056
154100.0,2.53014
154150.0,2.86769
154200.0,3.07604
154250.0,3.14986
154300.0,3.07395
154350.0,2.86284
154400.0,2.52905
154450.0,2.11231
154500.0,1.65111
154550.0,1.18481
154600.0,0.767091
154650.0,0.439149
154700.0,0.224354
154750.0,0.151031
154800.0,0.225403
154850.0,0.435371
154900.0,0.76754
154950.0,1.18236
155000.0,1.65147
155050.0,2.11311
155100.0,2.53167
155150.0,2.86134
155200.0,3.07782
155250.0,3.15125
155300.0,3.07695
155350.0,2.86035
155400.0,2.52999
155450.0,2.11346
155500.0,1.64832
155550.0,1.18725
155600.0,0.770333
155650.0,0.434963
155700.0,0.223052
155750.0,0.148629
155800.0,0.225477
155850.0,0.438268
155900.0,0.773645
155950.0,1.18649
156000.0,1.64813
156050.0,2.11434
156100.0,2.53121
156150.0,2.86391
156200.0,3.07907
156250.0,3.14943
156300.0,3.07803
156350.0,2.85929
156400.0,2.5338
156450.0,2.1138
156500.0,1.64952
156550.0,1.18548
156600.0,0.771161
156650.0,0.435468
156700.0,0.225959
156750.0,0.148995
156800.0,0.223518
156850.0,0.437197
156900.0,0.772384
156950.0,1.18699
157000.0,1.65049
157050.0,2.11341
157100.0,2.53109
157150.0,2.86233
157200.0,3.08022
157250.0,3.15296
157300.0,3.07523
157350.0,2.86387
157400.0,2.52935
157450.0,2.11543
157500.0,1.6514
157550.0,1.18673
157600.0,0.766736
157650.0,0.438035
157700.0,0.224679
157750.0,0.149672
157800.0,0.22492
157850.0,0.433817
157900.0,0.767155
157950.0,1.1846
158000.0,1.65026
158050.0,2.11689
158100.0,2.5318
158150.0,2.86583
158200.0,3.07655
158250.0,3.14921
158300.0,3.07864
158350.0,2.86464
158400.0,2.53454
158450.0,2.1155
158500.0,1.6484
158550.0,1.1814
158600.0,0.768617
158650.0,0.434141
158700.0,0.220616
158750.0,0.147056
158800.0,0.22215
158850.0,0.436091
158900.0,0.768349
158950.0,1.19058
159000.0,1.64759
159050.0,2.11352
159100.0,2.5292
159150.0,2.86155
159200.0,3.07673
159250.0,3.15085
159300.0,3.07403
159350.0,2.86582
159400.0,2.52983
159450.0,2.11545
159500.0,1.64991
159550.0,1.1883
159600.0,0.769465
159650.0,0.435911
159700.0,0.22438
159750.0,0.147323
159800.0,0.220823
159850.0,0.43577
159900.0,0.771075
159950.0,1.18499
160000.0,1.64881
160050.0,2.11686
160100.0,2.53177
160150.0,2.86353
160200.0,3.07449
160250.0,3.15013
160300.0,3.07778
160350.0,2.86342
160400.0,2.53321
160450.0,2.11419
160500.0,1.65211
160550.0,1.18813
160600.0,0.76806
160650.0,0.438218
160700.0,0.22703
160750.0,0.150612
160800.0,0.220979
160850.0,0.436861
160900.0,0.767928
160950.0,1.19166
161000.0,1.65151
161050.0,2.11131
161100.0,2.5313
161150.0,2.86645
161200.0,3.07426
161250.0,3.14901
161300.0,3.07658
161350.0,2.86322
161400.0,2.53048
161450.0,2.11377
161500.0,1.64716
161550.0,1.1853
161600.0,0.767106
161650.0,0.435851
161700.0,0.222794
161750.0,0.149969
161800.0,0.222692
161850.0,0.435609
161900.0,0.769013
161950.0,1.18824
162000.0,1.65189
162050.0,2.11119
162100.0,2.53214
162150.0,2.86498
162200.0,3.07601
162250.0,3.15089
162300.0,3.0761
162350.0,2.86424
162400.0,2.52859
162450.0,2.11441
162500.0,1.64899
162550.0,1.18496
162600.0,0.767679
162650.0,0.438402
162700.0,0.225256
162750.0,0.150451
162800.0,0.225097
162850.0,0.435613
162900.0,0.765785
162950.0,1.1827
163000.0,1.64989
163050.0,2.11318
163100.0,2.5317
163150.0,2.86361
163200.0,3.07897
163250.0,3.14811
163300.0,3.07498
163350.0,2.86731
163400.0,2.53316
163450.0,2.11287
163500.0,1.64587
163550.0,1.18472
163600.0,0.767545
163650.0,0.436248
163700.0,0.223736
163750.0,0.149485
163800.0,0.225647
163850.0,0.434039
163900.0,0.767691
163950.0,1.18505
164000.0,1.65148
164050.0,2.11381
164100.0,2.53319
164150.0,2.86361
164200.0,3.08402
164250.0,3.15137
164300.0,3.07501
164350.0,2.86345
164400.0,2.53081
164450.0,2.11497
164500.0,1.65188
164550.0,1.18718
164600.0,0.767901
164650.0,0.43508
164700.0,0.226568
164750.0,0.152181
164800.0,0.217507
164850.0,0.436562
164900.0,0.766598
164950.0,1.18568
165000.0,1.65334
165050.0,2.11122
165100.0,2.52956
165150.0,2.8684
165200.0,3.0756
165250.0,3.1495
165300.0,3.07885
165350.0,2.86248
165400.0,2.53173
165450.0,2.114
165500.0,1.6528
165550.0,1.18323
165600.0,0.766646
165650.0,0.436211
165700.0,0.225231
165750.0,0.148712
165800.0,0.224338
165850.0,0.435446
165900.0,0.767532
165950.0,1.18902
166000.0,1.64953
166050.0,2.11945
166100.0,2.5324
166150.0,2.86578
166200.0,3.07807
166250.0,3.14689
166300.0,3.0735
166350.0,2.8645
166400.0,2.52947
166450.0,2.11243
166500.0,1.64933
166550.0,1.18464
166600.0,0.770689
166650.0,0.438033
166700.0,0.223765
166750.0,0.151122
166800.0,0.221602
166850.0,0.438223
166900.0,0.766621
166950.0,1.1896
167000.0,1.64866
167050.0,2.11242
167100.0,2.53401
167150.0,2.86482
167200.0,3.07468
167250.0,3.15121
167300.0,3.07658
167350.0,2.86356
167400.0,2.53292
167450.0,2.11476
167500.0,1.65204
167550.0,1.18744
167600.0,0.76898
167650.0,0.436277
167700.0,0.226414
167750.0,0.148447
167800.0,0.227245
167850.0,0.440847
167900.0,0.772668
167950.0,1.18621
168000.0,1.65422
168050.0,2.11583
168100.0,2.53384
168150.0,2.87013
168200.0,3.077
168250.0,3.15116
168300.0,3.07409
168350.0,2.8591
168400.0,2.53227
168450.0,2.11441
168500.0,1.65143
168550.0,1.1871
168600.0,0.764359
168650.0,0.437246
168700.0,0.225683
168750.0,0.153167
168800.0,0.221538
168850.0,0.434709
168900.0,0.76695
168950.0,1.18521
169000.0,1.64677
169050.0,2.11217
169100.0,2.53486
169150.0,2.86141
169200.0,3.07285
169250.0,3.14945
169300.0,3.07557
169350.0,2.86489
169400.0,2.53019
169450.0,2.11316
169500.0,1.64832
169550.0,1.18452
169600.0,0.769059
169650.0,0.436715
169700.0,0.223302
169750.0,0.151031
169800.0,0.221755
169850.0,0.436507
169900.0,0.768725
169950.0,1.18883
170000.0,1.6462
170050.0,2.11281
170100.0,2.53257
170150.0,2.86236
170200.0,3.07676
170250.0,3.15136
170300.0,3.07753
170350.0,2.86006
170400.0,2.52925
170450.0,2.10786
170500.0,1.6513
170550.0,1.18689
170600.0,0.771008
170650.0,0.436566
170700.0,0.22111
170750.0,0.152137
170800.0,0.220757
170850.0,0.436456
170900.0,0.767894
170950.0,1.18802
171000.0,1.65181
171050.0,2.11266
171100.0,2.5302
171150.0,2.86341
171200.0,3.07541
171250.0,3.1519
171300.0,3.07733
171350.0,2.86631
171400.0,2.5369
171450.0,2.11178
171500.0,1.64878
171550.0,1.18742
171600.0,0.769119
171650.0,0.435769
171700.0,0.219959
171750.0,0.155097
171800.0,0.223574
171850.0,0.434116
171900.0,0.763488
171950.0,1.18928
172000.0,1.65065
172050.0,2.11352
172100.0,2.52958
172150.0,2.86331
172200.0,3.07579
172250.0,3.14496
172300.0,3.08196
172350.0,2.8644
172400.0,2.53098
172450.0,2.11157
172500.0,1.64877
172550.0,1.19134
172600.0,0.769103
172650.0,0.433772
172700.0,0.225194
172750.0,0.150987
172800.0,0.224461
172850.0,0.436192
172900.0,0.767964
172950.0,1.18689
173000.0,1.64956
173050.0,2.11066
173100.0,2.52964
173150.0,2.86352
173200.0,3.07334
173250.0,3.14971
173300.0,3.07592
173350.0,2.86498
173400.0,2.53198
173450.0,2.1129
173500.0,1.64938
173550.0,1.18732
173600.0,0.770194
173650.0,0.434288
173700.0,0.220301
173750.0,0.148474
173800.0,0.218732
173850.0,0.434867
173900.0,0.76998
173950.0,1.18843
174000.0,1.65308
174050.0,2.11364
174100.0,2.53197
174150.0,2.86231
174200.0,3.07551
174250.0,3.15056
174300.0,3.0784
174350.0,2.86437
174400.0,2.52756
174450.0,2.1145
174500.0,1.64998
174550.0,1.18525
174600.0,0.76858
174650.0,0.43826
174700.0,0.223671
174750.0,0.148508
174800.0,0.23015
174850.0,0.435166
174900.0,0.769226
174950.0,1.18898
175000.0,1.64823
175050.0,2.1146
175100.0,2.52993
175150.0,2.86295
175200.0,3.07502
175250.0,3.15352
175300.0,3.07377
175350.0,2.86453
175400.0,2.53171
175450.0,2.10949
175500.0,1.65346
175550.0,1.18529
175600.0,0.767755
175650.0,0.436873
175700.0,0.221546
175750.0,0.148396
175800.0,0.2233
175850.0,0.434659
175900.0,0.76848
175950.0,1.18899
176000.0,1.64791
176050.0,2.11029
176100.0,2.53137
176150.0,2.86429
176200.0,3.07789
176250.0,3.14775
176300.0,3.07179
176350.0,2.86525
176400.0,2.53307
176450.0,2.11653
176500.0,1.64801
176550.0,1.18757
176600.0,0.770308
176650.0,0.432728
176700.0,0.225499
176750.0,0.152837
176800.0,0.22454
176850.0,0.437516
176900.0,0.769771
176950.0,1.18591
177000.0,1.64706
177050.0,2.11162
177100.0,2.53127
177150.0,2.86177
177200.0,3.0786
177250.0,3.14913
177300.0,3.07631
177350.0,2.85992
177400.0,2.53243
177450.0,2.11206
177500.0,1.65299
177550.0,1.18297
177600.0,0.768927
177650.0,0.435613
177700.0,0.22264
177750.0,0.153373
177800.0,0.225295
177850.0,0.434718
177900.0,0.771077
177950.0,1.18512
178000.0,1.65155
178050.0,2.10999
178100.0,2.53098
178150.0,2.8629
178200.0,3.07588
178250.0,3.14676
178300.0,3.07273
178350.0,2.86345
178400.0,2.53285
178450.0,2.11355
178500.0,1.64927
178550.0,1.18341
178600.0,0.767738
178650.0,0.435314
178700.0,0.22193
178750.0,0.150313
178800.0,0.223719
178850.0,0.437237
178900.0,0.767766
178950.0,1.18476
179000.0,1.64956
179050.0,2.11286
179100.0,2.52835
179150.0,2.86278
179200.0,3.07321
179250.0,3.146
179300.0,3.07489
179350.0,2.86219
179400.0,2.53302
179450.0,2.11286
179500.0,1.65101
179550.0,1.18931
179600.0,0.768513
179650.0,0.437185
179700.0,0.221982
179750.0,0.151594
179800.0,0.223482
179850.0,0.436555
179900.0,0.766015
179950.0,1.18455
180000.0,1.6486
180050.0,2.11368
180100.0,2.53381
180150.0,2.86044
180200.0,3.0758
180250.0,3.14933
180300.0,3.08109
180350.0,2.86307
180400.0,2.53055
180450.0,2.11496
180500.0,1.64772
180550.0,1.1875
180600.0,0.764914
180650.0,0.440465
180700.0,0.223267
180750.0,0.149086
180800.0,0.220727
180850.0,0.436113
180900.0,0.768429
180950.0,1.18495
181000.0,1.65233
181050.0,2.11281
181100.0,2.53181
181150.0,2.86404
181200.0,3.07925
181250.0,3.14918
181300.0,3.07667
181350.0,2.86406
181400.0,2.53285
181450.0,2.1098
181500.0,1.65225
181550.0,1.18618
181600.0,0.766832
181650.0,0.436369
181700.0,0.219527
181750.0,0.148422
181800.0,0.22375
181850.0,0.439153
181900.0,0.768118
181950.0,1.18723
182000.0,1.64937
182050.0,2.11521
182100.0,2.53084
182150.0,2.86441
182200.0,3.07588
182250.0,3.14803
182300.0,3.07457
182350.0,2.8622
182400.0,2.53397
182450.0,2.11988
182500.0,1.64957
182550.0,1.18497
182600.0,0.76936
182650.0,0.437427
182700.0,0.22233
182750.0,0.153821
182800.0,0.225148
182850.0,0.438345
182900.0,0.768437
182950.0,1.18672
183000.0,1.65194
183050.0,2.11073
183100.0,2.53006
183150.0,2.8637
183200.0,3.07365
183250.0,3.15329
183300.0,3.07533
183350.0,2.86266
183400.0,2.53233
183450.0,2.11654
183500.0,1.64991
183550.0,1.18494
183600.0,0.766454
183650.0,0.43694
183700.0,0.222255
183750.0,0.15475
183800.0,0.225934
183850.0,0.430137
183900.0,0.766463
183950.0,1.18718
184000.0,1.65463
184050.0,2.10949
184100.0,2.53079
184150.0,2.86594
184200.0,3.0752
184250.0,3.15014
184300.0,3.07558
184350.0,2.86487
184400.0,2.52948
184450.0,2.11357
184500.0,1.64709
184550.0,1.18843
184600.0,0.769533
184650.0,0.436402
184700.0,0.223489
184750.0,0.150055
184800.0,0.222677
184850.0,0.436789
184900.0,0.769056
184950.0,1.18634
185000.0,1.64881
185050.0,2.11271
185100.0,2.53076
185150.0,2.86443
185200.0,3.07689
185250.0,3.15395
185300.0,3.07624
185350.0,2.86368
185400.0,2.53042
185450.0,2.11373
185500.0,1.64911
185550.0,1.18476
185600.0,0.768645
185650.0,0.439657
185700.0,0.221684
185750.0,0.148697
185800.0,0.223336
185850.0,0.436981
185900.0,0.770922
185950.0,1.18518
186000.0,1.64972
186050.0,2.11193
186100.0,2.52992
186150.0,2.86257
186200.0,3.07434
186250.0,3.15087
186300.0,3.07867
186350.0,2.86246
186400.0,2.53024
186450.0,2.11614
186500.0,1.64953
186550.0,1.18941
186600.0,0.76249
186650.0,0.436099
186700.0,0.221334
186750.0,0.148885
186800.0,0.22498
186850.0,0.438588
186900.0,0.767924
186950.0,1.1883
187000.0,1.64771
187050.0,2.11402
187100.0,2.53132
187150.0,2.86007
187200.0,3.07834
187250.0,3.1486
187300.0,3.0774
187350.0,2.86194
187400.0,2.53198
187450.0,2.1147
187500.0,1.64994
187550.0,1.18547
187600.0,0.769485
187650.0,0.436851
187700.0,0.22253
187750.0,0.150044
187800.0,0.223209
187850.0,0.435752
187900.0,0.770085
187950.0,1.18991
188000.0,1.64894
188050.0,2.11325
188100.0,2.52976
188150.0,2.86083
188200.0,3.07882
188250.0,3.14863
188300.0,3.07723
188350.0,2.86078
188400.0,2.53037
188450.0,2.11444
188500.0,1.65092
188550.0,1.18691
188600.0,0.769106
188650.0,0.436877
188700.0,0.225388
188750.0,0.153364
188800.0,0.22451
188850.0,0.436219
188900.0,0.766235
188950.0,1.18547
189000.0,1.64932
189050.0,2.11637
189100.0,2.52855
189150.0,2.8619
189200.0,3.07449
189250.0,3.1517
189300.0,3.07516
189350.0,2.85982
189400.0,2.52753
189450.0,2.1141
189500.0,1.64669
189550.0,1.18862
189600.0,0.770394
189650.0,0.43415
189700.0,0.222676
189750.0,0.149979
189800.0,0.220362
189850.0,0.433936
189900.0,0.766981
189950.0,1.18632
190000.0,1.65047
190050.0,2.10969
190100.0,2.53207
190150.0,2.86321
190200.0,3.07597
190250.0,3.14899
190300.0,3.07855
190350.0,2.86656
190400.0,2.53067
190450.0,2.11309
190500.0,1.64673
190550.0,1.18558
190600.0,0.769603
190650.0,0.436179
190700.0,0.224037
190750.0,0.149692
190800.0,0.223528
190850.0,0.437727
190900.0,0.769778
190950.0,1.18251
191000.0,1.64951
191050.0,2.10765
191100.0,2.53166
191150.0,2.86239
191200.0,3.07536
191250.0,3.15308
191300.0,3.07727
191350.0,2.86576
191400.0,2.53291
191450.0,2.11687
191500.0,1.64949
191550.0,1.18595
191600.0,0.768126
191650.0,0.441359
191700.0,0.222534
191750.0,0.150045
191800.0,0.226157
191850.0,0.438315
191900.0,0.767326
191950.0,1.18996
192000.0,1.65096
192050.0,2.11642
192100.0,2.53289
192150.0,2.86508
192200.0,3.0751
192250.0,3.15284
192300.0,3.07518
192350.0,2.86368
192400.0,2.53385
192450.0,2.11285
192500.0,1.65024
192550.0,1.18649
192600.0,0.768636
192650.0,0.437655
192700.0,0.220419
192750.0,0.148952
192800.0,0.227546
192850.0,0.432567
192900.0,0.767048
192950.0,1.18807
193000.0,1.64632
193050.0,2.1118
193100.0,2.53007
193150.0,2.86666
193200.0,3.07485
193250.0,3.15126
193300.0,3.07533
193350.0,2.86355
193400.0,2.52941
193450.0,2.11058
193500.0,1.64906
193550.0,1.18372
193600.0,0.767969
193650.0,0.436711
193700.0,0.224233
193750.0,0.153054
193800.0,0.226252
193850.0,0.434266
193900.0,0.766822
193950.0,1.18985
194000.0,1.64989
194050.0,2.11275
194100.0,2.53382
194150.0,2.86227
194200.0,3.07845
194250.0,3.14939
194300.0,3.07917
194350.0,2.86323
194400.0,2.53332
194450.0,2.11564
194500.0,1.65323
194550.0,1.18488
194600.0,0.767553
194650.0,0.433639
194700.0,0.219968
194750.0,0.149004
194800.0,0.223733
194850.0,0.438979
194900.0,0.767488
194950.0,1.19029
195000.0,1.65036
195050.0,2.11529
195100.0,2.53116
195150.0,2.86101
195200.0,3.07975
195250.0,3.14942
195300.0,3.0788
195350.0,2.86278
195400.0,2.53285
195450.0,2.1132
195500.0,1.6493
195550.0,1.18617
195600.0,0.769678
195650.0,0.434049
195700.0,0.221458
195750.0,0.151956
195800.0,0.221934
195850.0,0.436829
195900.0,0.76561
195950.0,1.18603
196000.0,1.65218
196050.0,2.11368
196100.0,2.53207
196150.0,2.86272
196200.0,3.07676
196250.0,3.14641
196300.0,3.07329
196350.0,2.86432
196400.0,2.52811
196450.0,2.11611
196500.0,1.65166
196550.0,1.18403
196600.0,0.763917
196650.0,0.431589
196700.0,0.223993
196750.0,0.149769
196800.0,0.226068
196850.0,0.437374
196900.0,0.771396
196950.0,1.18818
197000.0,1.64806
197050.0,2.11311
197100.0,2.52994
197150.0,2.86284
197200.0,3.0755
197250.0,3.14948
197300.0,3.07925
197350.0,2.86237
197400.0,2.52923
197450.0,2.1122
197500.0,1.64899
197550.0,1.18525
197600.0,0.767928
197650.0,0.435559
197700.0,0.225591
197750.0,0.151776
197800.0,0.221841
197850.0,0.438399
197900.0,0.771081
197950.0,1.18644
198000.0,1.64827
198050.0,2.11436
198100.0,2.53149
198150.0,2.86417
198200.0,3.07443
198250.0,3.15417
198300.0,3.07617
198350.0,2.86456
198400.0,2.53047
198450.0,2.11382
198500.0,1.6454
198550.0,1.18386
198600.0,0.763366
198650.0,0.438445
198700.0,0.220633
198750.0,0.146881
198800.0,0.225673
198850.0,0.435497
198900.0,0.767997
198950.0,1.18863
199000.0,1.651
199050.0,2.11417
199100.0,2.53301
199150.0,2.85965
199200.0,3.0792
199250.0,3.15268
199300.0,3.08031
199350.0,2.85936
199400.0,2.53001
199450.0,2.11243
199500.0,1.65345
199550.0,1.18764
199600.0,0.771912
199650.0,0.437421
199700.0,0.222177
199750.0,0.147447
199800.0,0.222321
199850.0,0.439322
199900.0,0.766667
199950.0,1.18296
200000.0,1.65061
200050.0,2.11632
200100.0,2.5366
200150.0,2.86608
200200.0,3.07858
200250.0,3.14648
200300.0,3.07588
200350.0,2.86282
200400.0,2.532
200450.0,2.11171
200500.0,1.65164
200550.0,1.18903
200600.0,0.76859
200650.0,0.435939
200700.0,0.22384
200750.0,0.150804
200800.0,0.225046
200850.0,0.43479
200900.0,0.771258
200950.0,1.18658
201000.0,1.64969
201050.0,2.11494
201100.0,2.53031
201150.0,2.86531
201200.0,3.08092
201250.0,3.1509
201300.0,3.07703
201350.0,2.8626
201400.0,2.5347
201450.0,2.11582
201500.0,1.64699
201550.0,1.18845
201600.0,0.766998
201650.0,0.434127
201700.0,0.223275
201750.0,0.148675
201800.0,0.225744
201850.0,0.433947
201900.0,0.765737
201950.0,1.18457
202000.0,1.64971
202050.0,2.1147
202100.0,2.52949
202150.0,2.86207
202200.0,3.07343
202250.0,3.14959
202300.0,3.07452
202350.0,2.86786
202400.0,2.53552
202450.0,2.11164
202500.0,1.65026
202550.0,1.1873
202600.0,0.767212
202650.0,0.435673
202700.0,0.224677
202750.0,0.149437
202800.0,0.222792
202850.0,0.436393
202900.0,0.770773
202950.0,1.18593
203000.0,1.65075
203050.0,2.11398
203100.0,2.53309
203150.0,2.86312
203200.0,3.07558
203250.0,3.1486
203300.0,3.07704
203350.0,2.86378
203400.0,2.53114
203450.0,2.11395
203500.0,1.65471
203550.0,1.18803
203600.0,0.764633
203650.0,0.439061
203700.0,0.223685
203750.0,0.147949
203800.0,0.226087
203850.0,0.436299
203900.0,0.77034
203950.0,1.18523
204000.0,1.6521
204050.0,2.11295
204100.0,2.53358
204150.0,2.86515
204200.0,3.07426
204250.0,3.15072
204300.0,3.07751
204350.0,2.86339
204400.0,2.5281
204450.0,2.11407
204500.0,1.64934
204550.0,1.18885
204600.0,0.766176
204650.0,0.438422
204700.0,0.223671
204750.0,0.155068
